{"val_loss":2.302710909772678,"test_accuracy":0.1,"_wandb":{"runtime":10},"test_loss":2.302591196428852,"val_accuracy":0.09333333333333334,"_timestamp":1.741593134671003e+09,"_runtime":10.036479133,"epoch":10,"_step":10}