{"_timestamp":1.742230507139128e+09,"test_loss":0.3611537531335369,"epoch":10,"val_accuracy":0.8785,"val_loss":0.33988799150849747,"test_accuracy":0.8702,"_wandb":{"runtime":98},"_runtime":98.062993482,"_step":19}