{"val_loss":1.357360364609524,"val_accuracy":0.6015,"epoch":10,"test_loss":1.3663162926405272,"_step":10,"_timestamp":1.7415927837478428e+09,"test_accuracy":0.5944,"_wandb":{"runtime":16},"_runtime":16.226882357}