{"_timestamp":1.7416059938054214e+09,"_runtime":63.077525273,"_step":10,"test_loss":0.340036755730946,"_wandb":{"runtime":63},"val_accuracy":0.8861666666666667,"epoch":10,"val_loss":0.3161766589126809,"test_accuracy":0.8798}