{"val_loss":0.3898341849707386,"test_accuracy":0.8641,"_wandb":{"runtime":304},"val_accuracy":0.8745,"_step":10,"epoch":10,"test_loss":0.4134748157600452,"_timestamp":1.7416012042976105e+09,"_runtime":304.628925741}