{"_timestamp":1.742128998566349e+09,"test_accuracy":0.734,"_runtime":17.367688897,"test_loss":0.7594566956978359,"_step":5,"_wandb":{"runtime":17},"val_loss":0.7435779698543687,"val_accuracy":0.743,"epoch":5}