{"test_accuracy":0.448,"_wandb":{"runtime":8},"val_loss":1.194974694852405,"_runtime":8.499046609,"val_accuracy":0.4525,"_timestamp":1.7416057542115402e+09,"epoch":5,"_step":5,"test_loss":1.2012598843362547}