{"_runtime":83.394228045,"_step":9,"train_loss":0.07095000739205921,"val_loss":0.08054672744198871,"val_accuracy":0.887,"_wandb":{"runtime":83},"epoch":10,"_timestamp":1.7415922242916014e+09}