{"_runtime":14.039184501,"_timestamp":1.7414996988388093e+09,"test_accuracy":0.748,"epoch":15,"_step":15,"_wandb":{"runtime":14},"val_accuracy":0.7606666666666667,"test_loss":0.7025791789544233,"val_loss":0.6845805497324963}