{"_runtime":188.402177469,"val_accuracy":0.8768333333333334,"epoch":15,"test_loss":0.5477028718374166,"test_accuracy":0.8642,"_step":15,"val_loss":0.49397058668143823,"_wandb":{"runtime":188},"_timestamp":1.741502067776215e+09}