{"_runtime":20.458078409,"_step":10,"epoch":10,"val_accuracy":0.8833333333333333,"test_loss":0.34064819847406713,"test_accuracy":0.8773,"val_loss":0.3139702622346536,"_timestamp":1.7416088306157598e+09,"_wandb":{"runtime":20}}