{"_step":10,"test_accuracy":0.8845,"_wandb":{"runtime":46},"epoch":10,"loss":0.24058989255268748,"train_accuracy":0.9171666666666667,"_timestamp":1.7414393793144443e+09,"_runtime":46.865334144}