{"val_accuracy":0.8915,"test_accuracy":0.8835,"val_loss":0.3064203083491162,"test_loss":0.33042605587312257,"_step":10,"epoch":10,"_wandb":{"runtime":33},"_runtime":33.916968606,"_timestamp":1.7416121246725311e+09}