{"_runtime":74.872488853,"val_accuracy":0.886,"_wandb":{"runtime":74},"test_accuracy":0.8769,"epoch":10,"val_loss":0.31401655545425516,"test_loss":0.3475090833332634,"_timestamp":1.7416027228093808e+09,"_step":10}