{"_timestamp":1.7415963186373496e+09,"val_accuracy":0.8805,"_wandb":{"runtime":58},"test_loss":0.38187351517106966,"_runtime":58.41610838,"epoch":10,"test_accuracy":0.8705,"_step":10,"val_loss":0.34740259391042044}