{"test_acc":0.8521,"train_acc":0.8640740740740741,"epoch":10,"val_acc":0.8635,"train_loss":0.38279553635365104,"_timestamp":1.7412390188849967e+09,"_step":10,"test_loss":0.42071024730876855,"_wandb":{"runtime":18},"val_loss":0.3903505841058714,"_runtime":18.399515404}