{"val_loss":0.34459144595567803,"val_accuracy":0.8801666666666667,"_runtime":33.688414129,"test_accuracy":0.8753,"_wandb":{"runtime":33},"_step":15,"_timestamp":1.7415578150908003e+09,"epoch":15,"test_loss":0.35553763946119027}