{"test_accuracy":0.1,"_timestamp":1.7415264192930844e+09,"val_loss":2.3027734098119437,"epoch":10,"_step":10,"test_loss":2.30263218548648,"val_accuracy":0.09333333333333334,"_runtime":11.229867132,"_wandb":{"runtime":11}}