{"val_loss":0.08883341989122047,"val_accuracy":0.9725,"_timestamp":1.7415142197468903e+09,"_runtime":105.619905957,"_wandb":{"runtime":105},"_step":9,"epoch":10,"train_loss":0.062422383922464665}