{"_runtime":16.186736737,"test_loss":0.3540243551488737,"_wandb":{"runtime":16},"val_accuracy":0.8816666666666667,"test_accuracy":0.872,"epoch":10,"_timestamp":1.74160776635413e+09,"val_loss":0.3220125465564757,"_step":10}