{"val_loss":0.31456448382742763,"test_accuracy":0.8834,"val_accuracy":0.886,"_step":15,"_runtime":225.734705315,"test_loss":0.3335501321334981,"_wandb":{"runtime":225},"epoch":15,"_timestamp":1.7415598374625638e+09}