{"val_accuracy":0.888,"val_loss":0.3105414642575744,"test_loss":0.33585869395085727,"_runtime":102.747834295,"_timestamp":1.7422314749713929e+09,"_step":19,"test_accuracy":0.8801,"_wandb":{"runtime":102},"epoch":10}