{"train_accuracy":0.90225,"_timestamp":1.741439329708933e+09,"_runtime":38.518027343,"_step":10,"epoch":10,"test_accuracy":0.8681,"_wandb":{"runtime":38},"loss":0.26178907397488876}