{"test_accuracy":0.8738,"_wandb":{"runtime":511},"epoch":15,"_timestamp":1.7415629657084117e+09,"val_accuracy":0.8861666666666667,"test_loss":0.38647433818698723,"_step":15,"_runtime":511.020620936,"val_loss":0.3450568223106256}