{"val_loss":0.31577468653893426,"test_loss":0.3398796739593098,"_wandb":{"runtime":166},"test_accuracy":0.8781,"epoch":10,"val_accuracy":0.8861666666666667,"_runtime":166.165745558,"_step":19,"_timestamp":1.7422343144375172e+09}