{"_step":15,"epoch":15,"_wandb":{"runtime":24},"val_accuracy":0.09333333333333334,"_timestamp":1.7415470004394612e+09,"test_loss":2.3026786914035378,"test_accuracy":0.1,"_runtime":24.483253394,"val_loss":2.3028886364254237}