{"_step":10,"val_accuracy":0.8475,"test_accuracy":0.834,"val_loss":0.4312024158151943,"_runtime":76.652692656,"_wandb":{"runtime":76},"test_loss":0.4643586743392673,"epoch":10,"_timestamp":1.742129376636608e+09}