{"_runtime":75.26092182,"test_accuracy":0.0998,"_wandb":{"runtime":75},"val_loss":2.3234287371961,"test_loss":2.3149433626753373,"_timestamp":1.7414994346184595e+09,"_step":10,"epoch":10,"val_accuracy":0.09716666666666667}