{"val_accuracy":0.8638333333333333,"test_loss":0.42580046461484033,"_runtime":6.128025521,"test_accuracy":0.8519,"_timestamp":1.7416059245957196e+09,"val_loss":0.39474857742992225,"_step":10,"_wandb":{"runtime":6},"epoch":10}