{"_wandb":{"runtime":194},"epoch":15,"val_accuracy":0.8803333333333333,"_runtime":194.715597462,"test_loss":0.3591626874603433,"_timestamp":1.7415803051890726e+09,"_step":15,"test_accuracy":0.8774,"val_loss":0.3294291962365337}