{"_timestamp":1.7421296526928766e+09,"val_loss":0.3392290332507352,"val_accuracy":0.8775,"epoch":5,"test_accuracy":0.8661,"_wandb":{"runtime":26},"_runtime":26.745482856,"_step":5,"test_loss":0.36599939991390024}