{"accuracy":0.4922592592592593,"sample_prob_distributions":{"size":2359,"artifact_path":"wandb-client-artifact://belj9uh0une3wxzs0li7wydhr122lysompb2mws4b4w4w288kv7r6ygxfghp79sthmmqk2fpokjrz6r522inx72366o3f10o1bkn6rbyenrn2dvl24qwrle4w7g9emrq/sample_prob_distributions.table.json","_latest_artifact_path":"wandb-client-artifact://ow9hv5h2quam91odi25unqzfxxbo76eewo8s55rjuz0z6jmt3t27opnb6j5griv3ujaxq4tdt1j2ba3kxu32dpsiijm2ggksty8p58qec16b6b5nxwdl1lc1shjfj7o1:latest/sample_prob_distributions.table.json","path":"media/table/sample_prob_distributions_17_cf7ce4a917bf233a8a10.table.json","ncols":3,"nrows":60,"_type":"table-file","sha256":"cf7ce4a917bf233a8a1098ce42435308b41a5a0b9c918e9aeca4db0afa249795"},"_wandb":{"runtime":69},"loss":1.323797035455918,"epoch":10,"val_loss":0.9216652805630037,"_timestamp":1.7415273617991962e+09,"_runtime":69.347594931,"_step":17,"val_accuracy":0.6645,"test_accuracy":0.4961}