{"_runtime":15.1761608,"val_accuracy":0.49266666666666664,"val_loss":1.182669119451559,"test_accuracy":0.48,"_timestamp":1.7415308919886224e+09,"_step":10,"test_loss":1.1914118650886165,"_wandb":{"runtime":15},"epoch":10}