{"_wandb":{"runtime":9},"test_accuracy":0.8631,"_timestamp":1.7416034545150957e+09,"val_loss":0.3472825852479895,"_step":10,"epoch":10,"val_accuracy":0.8746666666666667,"_runtime":9.627804722,"test_loss":0.38401646519709537}