{"val_accuracy":0.8741666666666666,"epoch":10,"_wandb":{"runtime":32},"test_accuracy":0.8679,"val_loss":0.3672652816304966,"_step":10,"test_loss":0.38098305202332916,"_runtime":32.320123626,"_timestamp":1.741610813866226e+09}