{"epoch":15,"_runtime":2350.341243892,"_step":15,"test_loss":0.35845301274305624,"_timestamp":1.7415790828777194e+09,"val_loss":0.34211598293980805,"val_accuracy":0.8865,"test_accuracy":0.8825,"_wandb":{"runtime":2350}}