{"val_accuracy":0.8865,"_timestamp":1.7416002502035062e+09,"val_loss":0.3135985916853682,"test_loss":0.3373631677727468,"epoch":10,"_wandb":{"runtime":48},"_runtime":48.195743111,"test_accuracy":0.883,"_step":10}