{"_step":10,"epoch":10,"test_accuracy":0.8773,"_wandb":{"runtime":680},"loss":0.26235671206963074,"train_accuracy":0.91335,"_timestamp":1.742126498180077e+09,"_runtime":680.692651313}