{"_runtime":8.94596175,"val_loss":2.3028100486346728,"test_accuracy":0.1,"_timestamp":1.7414405408737245e+09,"_step":5,"epoch":5,"test_loss":2.302635758272413,"val_accuracy":0.09833333333333333,"_wandb":{"runtime":8}}