{"epoch":10,"_timestamp":1.7421939822096481e+09,"_runtime":65.476605594,"_step":9,"train_loss":0.06437991263103816,"val_loss":0.08296563436545473,"_wandb":{"runtime":65},"val_accuracy":0.8811666666666667}