{"epoch":10,"train_loss":0.022665084682886128,"_wandb":{"runtime":174},"val_loss":0.08699016808646468,"val_accuracy":0.979,"_timestamp":1.7421994671275947e+09,"_runtime":174.569539807,"_step":9}