{"test_loss":2.307383728419373,"test_accuracy":0.1,"_timestamp":1.7421294347083735e+09,"_step":10,"val_accuracy":0.10283333333333333,"_wandb":{"runtime":12},"val_loss":2.3099250547779033,"epoch":10,"_runtime":12.543838467}