{"val_accuracy":0.877,"test_accuracy":0.8666,"test_loss":0.37903081832778,"val_loss":0.3487949410792365,"_step":10,"epoch":10,"_runtime":40.775995427,"_wandb":{"runtime":40},"_timestamp":1.7416139133457491e+09}