{"epoch":10,"_wandb":{"runtime":64},"_runtime":64.294301449,"test_accuracy":0.1,"val_loss":2.330035271664032,"_step":10,"test_loss":2.319007093739331,"val_accuracy":0.09833333333333333,"_timestamp":1.742128974630164e+09}