{"val_loss":0.34641393938771964,"test_loss":0.38406840788270435,"_step":15,"_runtime":205.337200727,"_wandb":{"runtime":205},"test_accuracy":0.8648,"epoch":15,"val_accuracy":0.8728333333333333,"_timestamp":1.7415535330471385e+09}