{"_wandb":{"runtime":35},"test_loss":0.38701688504189335,"val_accuracy":0.8703333333333333,"_runtime":35.15902311,"test_accuracy":0.8573,"_timestamp":1.7416001946502562e+09,"_step":5,"epoch":5,"val_loss":0.35126926218058563}