{"_timestamp":1.741592958097345e+09,"epoch":10,"_wandb":{"runtime":10},"val_loss":2.3029216859168926,"test_accuracy":0.1,"_step":10,"val_accuracy":0.10283333333333333,"_runtime":10.939247828,"test_loss":2.3027000986339354}