{"_timestamp":1.7422283349725661e+09,"val_loss":0.3207429780060931,"_step":19,"test_accuracy":0.8722,"_runtime":24.904558846,"epoch":10,"_wandb":{"runtime":24},"val_accuracy":0.8863333333333333,"test_loss":0.35567963917225603}