{"val_accuracy":0.31616666666666665,"test_accuracy":0.3163,"test_loss":2.091665841828288,"_wandb":{"runtime":5},"epoch":5,"_timestamp":1.7415263864002452e+09,"_runtime":5.494456321,"_step":5,"val_loss":2.0924299034858644}