{"val_accuracy":0.8823333333333333,"test_loss":0.3450688890949651,"epoch":15,"test_accuracy":0.8762,"val_loss":0.32340315174758805,"_step":15,"_timestamp":1.7415580812450187e+09,"_wandb":{"runtime":58},"_runtime":58.421157738}