{"test_accuracy":0.8698,"epoch":10,"_wandb":{"runtime":41},"val_loss":0.3312837804948914,"test_loss":0.35803670137040394,"_step":10,"val_accuracy":0.8831666666666667,"_timestamp":1.7416159383607745e+09,"_runtime":41.070296831}