{"val_loss":0.3122675518274728,"epoch":10,"_timestamp":1.741612406813072e+09,"_runtime":39.344110259,"test_loss":0.3511557213252145,"_wandb":{"runtime":39},"test_accuracy":0.8799,"_step":10,"val_accuracy":0.8928333333333334}