{"test_loss":0.384010197334593,"_wandb":{"runtime":8},"test_accuracy":0.8645,"val_accuracy":0.8756666666666667,"_step":10,"val_loss":0.3550042896293232,"_runtime":8.923446739,"epoch":10,"_timestamp":1.741608270187313e+09}