{"val_accuracy":0.8713333333333333,"_timestamp":1.7422325191603484e+09,"epoch":5,"_wandb":{"runtime":24},"val_loss":0.3599899509556315,"_runtime":24.090533789,"test_loss":0.3909281485894965,"test_accuracy":0.8586,"_step":9}