{"epoch":10,"train_acc":0.8965740740740741,"_timestamp":1.7412391013236854e+09,"val_acc":0.8841666666666667,"val_loss":0.32333989815108777,"_step":10,"_runtime":73.150745404,"test_acc":0.8767,"test_loss":0.35805270691855473,"_wandb":{"runtime":73},"train_loss":0.28087658923626474}