{"train_loss":0.24319997544747046,"train_acc":0.9075,"_timestamp":1.7412393074306872e+09,"_runtime":75.21017274,"_wandb":{"runtime":75},"val_loss":0.3104315937651302,"test_loss":0.34372509357302433,"_step":10,"val_acc":0.8921666666666667,"epoch":10,"test_acc":0.8804}