{"_wandb":{"runtime":34},"epoch":10,"loss":0.264075971963912,"train_accuracy":0.9085333333333333,"_timestamp":1.7421234696285765e+09,"_runtime":34.78119425,"_step":10,"test_accuracy":0.8816}