{"val_accuracy":0.878,"test_loss":0.370566320978583,"_step":5,"test_accuracy":0.8687,"_wandb":{"runtime":23},"_timestamp":1.741607106668368e+09,"epoch":5,"val_loss":0.34170694637515187,"_runtime":23.112624647}