{"test_loss":0.3266459503352593,"val_loss":0.30750702105786626,"test_accuracy":0.8827,"_step":15,"epoch":15,"val_accuracy":0.8873333333333333,"_wandb":{"runtime":281},"_timestamp":1.7415810977654967e+09,"_runtime":281.432671488}