{"test_accuracy":0.8837,"_runtime":65.780680015,"val_loss":0.33512434103780653,"val_accuracy":0.8871666666666667,"test_loss":0.3580792025116088,"_wandb":{"runtime":65},"_timestamp":1.7416143970588183e+09,"_step":10,"epoch":10}