{"_runtime":78.754853003,"epoch":10,"_timestamp":1.7422324440058718e+09,"_wandb":{"runtime":78},"test_loss":0.3627880797404989,"test_accuracy":0.873,"val_loss":0.3270709394458583,"_step":19,"val_accuracy":0.8848333333333334}