{"train_loss":0.05513838068731523,"val_loss":0.14639062556628854,"val_accuracy":0.9591666666666666,"_timestamp":1.7415141110605855e+09,"_runtime":48.149743955,"_step":9,"_wandb":{"runtime":48},"epoch":10}