{"val_accuracy":0.10716666666666666,"_timestamp":1.741441245063438e+09,"_runtime":6.136401762,"test_loss":2.302652442925932,"_wandb":{"runtime":6},"val_loss":2.302695387327723,"epoch":5,"test_accuracy":0.1,"_step":5}