{"_runtime":85.048993723,"_wandb":{"runtime":85},"_step":9,"epoch":10,"train_loss":0.06770585266571472,"val_loss":0.0879938533910871,"val_accuracy":0.9738333333333333,"_timestamp":1.7421302297456706e+09}