{"_step":15,"test_loss":0.3328682488638813,"_timestamp":1.7415622123248334e+09,"_runtime":175.097494723,"_wandb":{"runtime":175},"val_accuracy":0.8875,"epoch":15,"val_loss":0.30712088072645355,"test_accuracy":0.8819}