{"_runtime":115.911020927,"_step":10,"test_accuracy":0.8771,"_wandb":{"runtime":115},"epoch":10,"loss":0.25906088622637424,"train_accuracy":0.9117666666666666,"_timestamp":1.742123589053305e+09}