{"train_acc":0.10012962962962962,"test_loss":2.302655349226331,"train_loss":2.3026596105855894,"_runtime":7.185229108,"_timestamp":1.7412389917041724e+09,"epoch":5,"test_acc":0.1,"val_loss":2.3028173914120584,"_step":5,"_wandb":{"runtime":7},"val_acc":0.09833333333333333}