{"val_accuracy":0.8758333333333334,"test_loss":0.37790573906224484,"_step":10,"_wandb":{"runtime":14},"_timestamp":1.741612040364252e+09,"epoch":10,"val_loss":0.3471228882481298,"test_accuracy":0.8679,"_runtime":14.539681659}