{"_wandb":{"runtime":20},"_timestamp":1.7416122618505104e+09,"val_accuracy":0.8573333333333333,"_step":10,"test_loss":0.45417644439185845,"_runtime":20.454889202,"val_loss":0.426667513775265,"epoch":10,"test_accuracy":0.8426}