{"train_loss":0.5521959843101669,"epoch":5,"test_loss":0.5619030267755784,"_runtime":11.211728422,"train_acc":0.8063333333333333,"_step":5,"val_loss":0.5407590572666681,"_timestamp":1.741239189038905e+09,"val_acc":0.8118333333333333,"test_acc":0.8008,"_wandb":{"runtime":11}}