{"val_accuracy":0.8866666666666667,"_timestamp":1.7421929674866238e+09,"_runtime":159.193915331,"_wandb":{"runtime":159},"_step":10,"val_loss":0.24905602640956}