{"_wandb":{"runtime":746},"epoch":10,"val_loss":1.558176752323185,"test_accuracy":0.5859,"val_accuracy":0.5938333333333333,"_runtime":746.95621769,"test_loss":1.5681788768223466,"_timestamp":1.7421272497964032e+09,"_step":10}