{"_wandb":{"runtime":19},"_step":10,"val_loss":0.39465334702726235,"val_acc":0.861,"test_loss":0.42795796082563375,"_runtime":19.700724208,"train_loss":0.38313629596104626,"_timestamp":1.741239357921614e+09,"test_acc":0.8509,"train_acc":0.8660185185185185,"epoch":10}