{"_timestamp":1.741439082489223e+09,"_runtime":42.964737112,"_step":10,"test_accuracy":0.8816,"_wandb":{"runtime":42},"epoch":10,"loss":0.2371200516319211,"train_accuracy":0.9159166666666667}