{"val_accuracy":0.8405,"_runtime":1775.203152634,"_step":15,"epoch":15,"_timestamp":1.7415063613875463e+09,"test_loss":0.5147892773853308,"test_accuracy":0.8188,"_wandb":{"runtime":1775},"val_loss":0.4871862792604867}