{"val_accuracy":0.8805,"epoch":15,"test_loss":0.3657623559400763,"test_accuracy":0.8707,"_step":15,"_wandb":{"runtime":220},"_runtime":220.720793391,"val_loss":0.3392758898386782,"_timestamp":1.7415511941279168e+09}