{"test_accuracy":0.8309,"_wandb":{"runtime":3},"val_loss":0.4547873314525672,"test_loss":0.48638075511269335,"_runtime":3.835286128,"val_accuracy":0.8448333333333333,"epoch":5,"_timestamp":1.7416068418403687e+09,"_step":5}