{"train_loss":0.06814637550888394,"_wandb":{"runtime":96},"val_loss":0.09354511215304838,"val_accuracy":0.9718333333333333,"_timestamp":1.7422000076548285e+09,"_runtime":96.469777113,"_step":9,"epoch":10}