{"val_accuracy":0.8763333333333333,"_timestamp":1.7416053206739814e+09,"_runtime":15.105201971,"test_loss":0.38761358517324,"_step":5,"_wandb":{"runtime":15},"epoch":5,"val_loss":0.3391865429699322,"test_accuracy":0.8632}