{"val_accuracy":0.8528333333333333,"_timestamp":1.741527108032237e+09,"test_loss":0.4552490627083038,"test_accuracy":0.837,"_runtime":51.052362334,"_wandb":{"runtime":51},"val_loss":0.42663004156929035,"_step":10,"epoch":10}