{"_step":6,"val_loss":0.28638690194417654,"val_accuracy":0.8708333333333333,"_wandb":{"runtime":135},"_timestamp":1.742189749277978e+09,"_runtime":135.137729986}