{"val_accuracy":0.8798333333333334,"_step":15,"val_loss":0.35292878456089777,"epoch":15,"_timestamp":1.7415572947999215e+09,"_runtime":233.172495098,"test_accuracy":0.8775,"_wandb":{"runtime":233},"test_loss":0.3661298142147536}