{"_step":10,"val_accuracy":0.8718333333333333,"test_accuracy":0.8672,"epoch":10,"_wandb":{"runtime":31},"val_loss":0.34748752252821025,"_runtime":31.022646542,"test_loss":0.3726453011278549,"_timestamp":1.741598656763242e+09}