{"_step":15,"epoch":15,"test_accuracy":0.8719,"_runtime":88.111393627,"_wandb":{"runtime":88},"test_loss":0.3544798524874386,"_timestamp":1.7415593090566387e+09,"val_loss":0.3249347350672378,"val_accuracy":0.8798333333333334}