{"_wandb":{"runtime":52},"val_loss":0.4266781204465106,"_step":15,"test_accuracy":0.8445,"epoch":15,"_timestamp":1.741565076292113e+09,"_runtime":52.843532112,"val_accuracy":0.847,"test_loss":0.43949201544240457}