{"_timestamp":1.7416141629430623e+09,"test_loss":0.4075680184974474,"test_accuracy":0.8541,"val_loss":0.36558779127420893,"val_accuracy":0.8666666666666667,"_runtime":16.885233205,"_step":5,"epoch":5,"_wandb":{"runtime":16}}