{"val_accuracy":0.8095,"val_loss":0.5647253253965835,"_wandb":{"runtime":24},"test_accuracy":0.7962,"_timestamp":1.7415004040756986e+09,"_runtime":24.257568354,"test_loss":0.5903289567769703,"_step":15,"epoch":15}