{"val_loss":2.302582312836657,"_timestamp":1.741596061661432e+09,"epoch":5,"_step":5,"val_accuracy":0.09333333333333334,"test_loss":2.302561302898442,"test_accuracy":0.1,"_wandb":{"runtime":32},"_runtime":32.248601513}