{"_wandb":{"runtime":158},"val_accuracy":0.8866666666666667,"_step":15,"val_loss":0.3178802736963588,"test_loss":0.343993789746514,"epoch":15,"_runtime":158.175275149,"test_accuracy":0.8803,"_timestamp":1.741585781079148e+09}