{"_wandb":{"runtime":175},"test_loss":2.4440055036962107,"_runtime":175.589130164,"test_acc":0.1208,"train_acc":0.1179,"epoch":50,"_step":49,"train_loss":2.4500240754179323,"_timestamp":1.7412377199351306e+09}