{"_runtime":28.253976034,"_step":10,"epoch":10,"test_accuracy":0.8765,"_wandb":{"runtime":28},"loss":0.2670739336831164,"train_accuracy":0.9046166666666666,"_timestamp":1.7414392551771173e+09}