{"_step":10,"epoch":10,"loss":0.3781189252146903,"test_accuracy":0.8455,"_wandb":{"runtime":31},"train_accuracy":0.8659,"_timestamp":1.7421234019696107e+09,"_runtime":31.737554157}