{"test_loss":0.37966065496455587,"_wandb":{"runtime":49},"val_accuracy":0.8745,"_timestamp":1.7416120206369328e+09,"val_loss":0.3459481898496889,"test_accuracy":0.8656,"_step":10,"epoch":10,"_runtime":49.277230589}