{"_runtime":5.224313712,"_wandb":{"runtime":5},"test_loss":0.39145569008827086,"_step":5,"epoch":5,"val_accuracy":0.8653333333333333,"val_loss":0.3637011189831718,"_timestamp":1.7416034206291168e+09,"test_accuracy":0.857}