{"val_loss":0.7474376926321354,"test_loss":0.7620826140587756,"_step":10,"val_accuracy":0.7416666666666667,"test_accuracy":0.7301,"_wandb":{"runtime":9},"epoch":10,"_timestamp":1.7414996618384824e+09,"_runtime":9.087623482}