{"val_loss":2.3030631039673364,"test_accuracy":0.1,"_step":5,"test_loss":2.3028170160230896,"val_accuracy":0.09733333333333333,"epoch":5,"_runtime":12.168763415,"_wandb":{"runtime":12},"_timestamp":1.7415960788265812e+09}