{"_runtime":73.974071561,"_wandb":{"runtime":74},"_step":9,"train_loss":0.24993300302431726,"val_loss":0.3031830335518923,"val_accuracy":0.8866666666666667,"epoch":10,"_timestamp":1.7415921381018836e+09}