{"val_loss":0.09540646135716208,"val_accuracy":0.976,"_timestamp":1.7421301006679845e+09,"_runtime":73.858275097,"_wandb":{"runtime":73},"_step":9,"epoch":10,"train_loss":0.029739536606708326}