{"_runtime":44.616594027,"_step":10,"val_loss":0.4345927998128626,"test_accuracy":0.8345,"test_loss":0.4642976266674453,"_wandb":{"runtime":44},"val_accuracy":0.85,"_timestamp":1.7416121834431703e+09,"epoch":10}