{"_timestamp":1.7416106449253614e+09,"epoch":10,"_wandb":{"runtime":32},"val_accuracy":0.8785,"test_accuracy":0.8674,"_runtime":32.525135624,"test_loss":0.36425269577034836,"_step":10,"val_loss":0.33412274663219327}