{"_step":5,"epoch":5,"_wandb":{"runtime":18},"test_loss":2.3060593107134384,"test_accuracy":0.1,"_timestamp":1.7421294044188042e+09,"val_loss":2.3084656172601665,"val_accuracy":0.09733333333333333,"_runtime":18.612404394}