{"_runtime":149.347893961,"_step":10,"test_accuracy":0.8746,"val_loss":0.3277777365498932,"_wandb":{"runtime":149},"epoch":10,"val_accuracy":0.8803333333333333,"_timestamp":1.741596991214314e+09,"test_loss":0.35720451458325614}