{"val_accuracy":0.88,"epoch":5,"test_accuracy":0.8728,"_timestamp":1.742231592530461e+09,"_runtime":21.481902349,"_step":9,"val_loss":0.3210749811082593,"test_loss":0.34635867462255737,"_wandb":{"runtime":21}}