{"_runtime":34.911861422,"val_loss":0.3165769194352303,"val_accuracy":0.8848333333333334,"test_accuracy":0.8772,"_wandb":{"runtime":34},"test_loss":0.3464745142634209,"epoch":10,"_timestamp":1.7422309624252586e+09,"_step":19}