{"_timestamp":1.7422290891271372e+09,"val_accuracy":0.10716666666666666,"test_accuracy":0.1,"test_loss":2.30331612776432,"epoch":5,"_step":9,"_runtime":9.357909359,"_wandb":{"runtime":9},"val_loss":2.30290169597606}