{"_runtime":93.230474919,"_step":5,"_wandb":{"runtime":93},"val_loss":0.3003700606020943,"val_accuracy":0.8856666666666667,"_timestamp":1.7421931251301048e+09}