{"_wandb":{"runtime":114},"val_loss":2.3033715865312243,"_timestamp":1.7416087962289803e+09,"test_loss":2.3031095130520094,"val_accuracy":0.10283333333333333,"test_accuracy":0.1,"epoch":10,"_runtime":114.578568725,"_step":10}