{"val_accuracy":0.8756666666666667,"test_loss":0.3916375691076587,"_step":10,"test_accuracy":0.8617,"val_loss":0.36149585202326867,"epoch":10,"_timestamp":1.741602430062435e+09,"_runtime":46.479925134,"_wandb":{"runtime":46}}