{"val_accuracy":0.8733333333333333,"_wandb":{"runtime":112},"test_accuracy":0.8616,"_step":19,"val_loss":0.3455485142506009,"_runtime":112.301040772,"epoch":10,"test_loss":0.38138065774926005,"_timestamp":1.742235268795753e+09}