{"_runtime":5.895220993,"val_accuracy":0.09833333333333333,"_step":5,"epoch":5,"test_loss":2.3019975446796295,"_wandb":{"runtime":5},"test_accuracy":0.1,"val_loss":2.3021594038995024,"_timestamp":1.7414410718286736e+09}