{"test_accuracy":0.0967,"_step":5,"_timestamp":1.7414410578743362e+09,"_runtime":40.46809255,"epoch":5,"val_accuracy":0.09333333333333334,"test_loss":2.3224557108512096,"_wandb":{"runtime":40},"val_loss":2.33523632353303}