{"val_accuracy":0.7921666666666667,"test_loss":0.6217249403718815,"test_accuracy":0.7801,"_runtime":30.679295312,"val_loss":0.598884426355153,"_timestamp":1.7422282654970603e+09,"_wandb":{"runtime":30},"epoch":10,"_step":19}