{"_step":10,"epoch":10,"_wandb":{"runtime":34},"val_accuracy":0.8926666666666667,"test_loss":0.32959542508202344,"val_loss":0.30136803989748023,"_runtime":34.334714165,"_timestamp":1.7416123044000044e+09,"test_accuracy":0.8823}