{"epoch":10,"train_loss":0.04828208945972866,"val_loss":0.12366209268182003,"val_accuracy":0.9676666666666667,"_wandb":{"runtime":37},"_timestamp":1.7421301412130222e+09,"_runtime":37.534469813,"_step":9}