{"_timestamp":1.7421917737904112e+09,"_wandb":{"runtime":151},"_runtime":151.538357563,"_step":10,"val_loss":0.2500677819423303,"val_accuracy":0.8846666666666667}