{"val_accuracy":0.8813333333333333,"_timestamp":1.7416101481537726e+09,"_step":10,"_runtime":71.043800357,"_wandb":{"runtime":71},"test_accuracy":0.8752,"val_loss":0.33307448357282443,"epoch":10,"test_loss":0.3551519998567855}