{"val_accuracy":0.8668333333333333,"_step":10,"epoch":10,"test_loss":0.3790208728391492,"_runtime":100.939762981,"test_accuracy":0.8645,"_wandb":{"runtime":100},"_timestamp":1.7416026036152716e+09,"val_loss":0.3583246448695869}