{"_wandb":{"runtime":59},"epoch":10,"_timestamp":1.741600738277499e+09,"test_loss":0.35078299277103486,"val_loss":0.32518238417108636,"_step":10,"_runtime":59.39075695,"val_accuracy":0.8833333333333333,"test_accuracy":0.8784}