{"train_acc":0.6370185185185185,"train_loss":0.9005110945771138,"epoch":10,"test_acc":0.6255,"val_acc":0.6341666666666667,"_timestamp":1.7412393324160247e+09,"_wandb":{"runtime":10},"_runtime":10.721185306,"test_loss":0.9125598661487756,"val_loss":0.8971794487946154,"_step":10}