{"val_accuracy":0.8866666666666667,"_step":15,"test_loss":0.3404693436210401,"_timestamp":1.7415536635382364e+09,"val_loss":0.3114909616671665,"_wandb":{"runtime":114},"_runtime":114.940789969,"test_accuracy":0.8787,"epoch":15}