{"_runtime":42.4895126,"test_accuracy":0.8358,"epoch":15,"val_loss":0.42348225367194464,"test_loss":0.45743706979638343,"_wandb":{"runtime":42},"_step":15,"val_accuracy":0.8578333333333333,"_timestamp":1.7415431045165987e+09}