{"_runtime":31.909224754,"_wandb":{"runtime":33},"_step":2,"epoch":3,"val_loss":0.5846682510494072,"val_accuracy":0.799,"_timestamp":1.7415934509835446e+09}