{"epoch":10,"loss":0.3869111224123667,"test_accuracy":0.8504,"_wandb":{"runtime":28},"train_accuracy":0.8667166666666667,"_timestamp":1.7414392238234327e+09,"_runtime":28.991727065,"_step":10}