{"_step":9,"epoch":10,"train_loss":0.029605029326867857,"_wandb":{"runtime":91},"val_loss":0.10007136341338607,"val_accuracy":0.978,"_timestamp":1.7415140599195058e+09,"_runtime":91.96036026}