{"val_accuracy":0.8816666666666667,"_timestamp":1.7422309130505967e+09,"_step":19,"_wandb":{"runtime":65},"test_loss":0.35957620525230455,"epoch":10,"test_accuracy":0.8722,"val_loss":0.332862405120012,"_runtime":65.20652489}