{"_timestamp":1.7415726956165922e+09,"epoch":15,"_runtime":3109.014100543,"_wandb":{"runtime":3109},"test_loss":0.3412767738795176,"_step":15,"test_accuracy":0.8822,"val_accuracy":0.8933333333333333,"val_loss":0.3201990797946042}