{"test_accuracy":0.8746,"val_loss":0.33508673730286903,"test_loss":0.37067308393899906,"epoch":10,"val_accuracy":0.8853333333333333,"_runtime":27.687463908,"_timestamp":1.7416140978515882e+09,"_wandb":{"runtime":27},"_step":10}