{"_wandb":{"runtime":1450},"val_accuracy":0.09833333333333333,"_timestamp":1.7415615638014605e+09,"test_accuracy":0.1,"val_loss":2.3029192457463434,"epoch":15,"_step":15,"test_loss":2.3026802619975175,"_runtime":1450.414879626}