{"val_loss":2.303279049069306,"_step":5,"_timestamp":1.7414409711681497e+09,"test_loss":2.302997883659571,"_wandb":{"runtime":18},"epoch":5,"val_accuracy":0.09333333333333334,"test_accuracy":0.1,"_runtime":18.230756074}