{"_step":10,"_timestamp":1.7415993806422918e+09,"_runtime":14.624830308,"_wandb":{"runtime":14},"epoch":10,"test_loss":0.36617809748910973,"val_loss":0.33341934286324687,"val_accuracy":0.8856666666666667,"test_accuracy":0.8784}