{"val_loss":0.3068795017488596,"test_loss":0.34120447386083874,"val_accuracy":0.89,"_wandb":{"runtime":200},"_step":15,"test_accuracy":0.8822,"_timestamp":1.741588552507626e+09,"_runtime":200.353030699,"epoch":15}