{"_wandb":{"runtime":52},"epoch":10,"loss":0.2380267831042462,"_timestamp":1.7414376714824302e+09,"_runtime":52.348957301,"_step":9}