{"test_accuracy":0.8674,"val_accuracy":0.8736666666666667,"_runtime":22.313094199,"_step":10,"test_loss":0.3814891048901153,"_timestamp":1.7415989565635214e+09,"epoch":10,"_wandb":{"runtime":22},"val_loss":0.33756475957604126}