{"val_accuracy":0.8433333333333334,"test_loss":0.48013716158844927,"test_accuracy":0.8292,"_wandb":{"runtime":57},"val_loss":0.44700934088258665,"_timestamp":1.7416125020289621e+09,"epoch":10,"_runtime":57.367509657,"_step":10}