{"epoch":10,"_wandb":{"runtime":113},"test_loss":0.4411587610073652,"_step":10,"val_loss":0.38383037002809495,"_timestamp":1.74161040084795e+09,"_runtime":113.489675711,"val_accuracy":0.873,"test_accuracy":0.8618}