{"test_loss":0.338250795678156,"val_accuracy":0.8873333333333333,"_runtime":83.077490121,"_wandb":{"runtime":83},"val_loss":0.31014205309549964,"test_accuracy":0.8807,"_timestamp":1.7422306435991392e+09,"_step":19,"epoch":10}