{"_wandb":{"runtime":41},"_step":9,"epoch":10,"train_loss":2.4500240754179323,"test_loss":2.4440055036962107,"train_acc":0.1179,"_runtime":41.602260207,"test_acc":0.1208,"_timestamp":1.7412375328186386e+09}