{"_wandb":{"runtime":18},"test_loss":0.40241736702278147,"epoch":10,"val_loss":0.3720752747646574,"_timestamp":1.7416134643791568e+09,"test_accuracy":0.857,"_step":10,"val_accuracy":0.8655,"_runtime":18.743737055}