{"test_accuracy":0.8743,"_wandb":{"runtime":22},"val_loss":0.3311822503014941,"epoch":5,"val_accuracy":0.8818333333333334,"test_loss":0.35814533195126813,"_step":5,"_timestamp":1.7416026340459268e+09,"_runtime":22.411689127}