{"val_accuracy":0.876,"test_accuracy":0.866,"_wandb":{"runtime":29},"_step":10,"val_loss":0.34149549764240555,"epoch":10,"test_loss":0.38100634142917433,"_runtime":29.30285828,"_timestamp":1.7416122271445556e+09}