{"test_accuracy":0.8499,"_wandb":{"runtime":872},"epoch":10,"loss":0.3765443461271153,"train_accuracy":0.8702833333333333,"_timestamp":1.7421243971417766e+09,"_runtime":872.735379297,"_step":10}