{"epoch":10,"test_accuracy":0.8763,"test_loss":0.3460732064509325,"_timestamp":1.7415032199214594e+09,"val_accuracy":0.8831666666666667,"val_loss":0.31757710076564727,"_step":10,"_wandb":{"runtime":34},"_runtime":34.198584065}