{"test_loss":1.8578708738924958,"val_loss":1.8560198808734456,"epoch":5,"test_acc":0.2001,"_timestamp":1.7412389696655927e+09,"train_loss":1.8669135111376625,"train_acc":0.1995,"_runtime":6.765716513,"val_acc":0.19616666666666666,"_step":5,"_wandb":{"runtime":6}}