{"_timestamp":1.7415267095669117e+09,"val_loss":0.8316459230813236,"test_loss":0.8423703224717493,"test_accuracy":0.7213,"_runtime":80.164410135,"epoch":10,"_step":10,"_wandb":{"runtime":80},"val_accuracy":0.7378333333333333}