{"test_accuracy":0.8788,"val_accuracy":0.8863333333333333,"_timestamp":1.741610956279572e+09,"val_loss":0.3140135784837848,"_runtime":137.028421971,"_step":10,"test_loss":0.34173899571200617,"_wandb":{"runtime":137},"epoch":10}