{"val_accuracy":0.8533333333333334,"_timestamp":1.7416029253233953e+09,"epoch":10,"_wandb":{"runtime":60},"_runtime":60.543862962,"_step":10,"test_accuracy":0.8412,"val_loss":0.4233135359639347,"test_loss":0.45403485972378627}