{"epoch":10,"val_accuracy":0.8843333333333333,"_runtime":13.76790385,"test_loss":0.367345712546206,"_timestamp":1.7416034750439215e+09,"_step":10,"test_accuracy":0.8685,"val_loss":0.3345004168656815,"_wandb":{"runtime":13}}