{"_runtime":24.873244292,"test_accuracy":0.3327,"epoch":10,"_wandb":{"runtime":24},"_step":10,"val_accuracy":0.344,"_timestamp":1.7414407400005789e+09,"test_loss":1.974926507784054,"val_loss":1.9689463687187116}