{"test_loss":0.6593139024025232,"_step":5,"epoch":5,"_wandb":{"runtime":45},"val_accuracy":0.8056666666666666,"_runtime":45.081616658,"val_loss":0.6414179439457665,"_timestamp":1.7421290913924518e+09,"test_accuracy":0.7921}