{"_wandb":{"runtime":5},"val_accuracy":0.09333333333333334,"_timestamp":1.741441254898296e+09,"_step":5,"epoch":5,"test_loss":2.302652829679342,"val_loss":2.302719285575309,"_runtime":5.217800126,"test_accuracy":0.1}