{"test_loss":0.3631803910102176,"test_accuracy":0.8718,"epoch":15,"val_accuracy":0.8826666666666667,"_runtime":246.523223049,"_wandb":{"runtime":246},"_step":15,"val_loss":0.32767560744203106,"_timestamp":1.7415632919548028e+09}