{"val_accuracy":0.10033333333333333,"epoch":10,"_step":10,"_runtime":39.76423736,"test_loss":2.303146500816985,"test_accuracy":0.1,"_wandb":{"runtime":39},"_timestamp":1.7415309383335402e+09,"val_loss":2.3038634149341717}