{"test_accuracy":0.763,"_wandb":{"runtime":172},"epoch":10,"test_loss":0.7051487500447513,"_step":10,"_timestamp":1.741598172756117e+09,"val_accuracy":0.7735,"_runtime":172.366840999,"val_loss":0.6839050664702634}