{"_step":10,"val_loss":0.4100822957484049,"epoch":10,"test_accuracy":0.8471,"_timestamp":1.741624354344894e+09,"test_loss":0.43663256798049693,"_wandb":{"runtime":119},"_runtime":119.833162456,"val_accuracy":0.8621666666666666}