{"val_loss":2.302713100838896,"_step":10,"epoch":10,"_runtime":46.79309357,"val_accuracy":0.09333333333333334,"_timestamp":1.741542057863276e+09,"test_accuracy":0.1,"test_loss":2.3026172774008016,"_wandb":{"runtime":46}}