{"_wandb":{"runtime":17},"loss":0.26713396054027294,"_timestamp":1.7414355043707223e+09,"_runtime":17.636554121,"_step":9,"epoch":10}