{"epoch":10,"_wandb":{"runtime":211},"val_loss":0.3521149917976161,"test_loss":0.36808869314521664,"test_accuracy":0.8734,"_runtime":211.860999664,"_step":10,"val_accuracy":0.8803333333333333,"_timestamp":1.7415967319742682e+09}