{"test_accuracy":0.8776,"_wandb":{"runtime":45},"test_loss":0.3442750141475582,"val_loss":0.3112733700707974,"epoch":10,"_runtime":45.30441851,"_timestamp":1.7416017674622426e+09,"_step":10,"val_accuracy":0.8873333333333333}