{"_runtime":31.47597854,"val_loss":0.33285230293812373,"test_loss":0.37724435354315144,"_step":5,"epoch":5,"_wandb":{"runtime":31},"val_accuracy":0.8815,"test_accuracy":0.8683,"_timestamp":1.7415988624761045e+09}