{"_wandb":{"runtime":10},"val_loss":0.3663908892691344,"val_accuracy":0.8703333333333333,"_step":5,"_runtime":10.939975145,"test_accuracy":0.8577,"epoch":5,"test_loss":0.40052415480384296,"_timestamp":1.7416057401544259e+09}