{"val_accuracy":0.891,"_step":15,"val_loss":0.3356902152253777,"test_accuracy":0.8852,"test_loss":0.3714068037806599,"_wandb":{"runtime":211},"epoch":15,"_timestamp":1.741584095528271e+09,"_runtime":211.599140474}