{"_step":10,"epoch":10,"loss":0.26342477100398604,"train_accuracy":0.9002166666666667,"_timestamp":1.7421234323635998e+09,"test_accuracy":0.8703,"_wandb":{"runtime":27},"_runtime":27.036065196}