{"_runtime":27.3513791,"_wandb":{"runtime":27},"test_loss":0.517697078992434,"_step":5,"val_loss":0.486125057002497,"epoch":5,"test_accuracy":0.8158,"_timestamp":1.7414407744111319e+09,"val_accuracy":0.8316666666666667}