{"_runtime":19.608754829,"test_accuracy":0.8586,"val_loss":0.35416999909727276,"val_accuracy":0.8698333333333333,"epoch":5,"_step":5,"_wandb":{"runtime":19},"_timestamp":1.7416146757630813e+09,"test_loss":0.3853890497333476}