{"_runtime":18.643984124,"test_accuracy":0.8793,"val_loss":0.31027694865635125,"_step":10,"epoch":10,"_wandb":{"runtime":18},"val_accuracy":0.8916666666666667,"test_loss":0.3393452176460136,"_timestamp":1.7416078348638794e+09}