{"_wandb":{"runtime":35},"val_loss":0.3491761648467777,"test_accuracy":0.8707,"val_accuracy":0.8748333333333334,"_step":15,"epoch":15,"_runtime":35.560843698,"_timestamp":1.7415435216741776e+09,"test_loss":0.36810489459287754}