{"_timestamp":1.741582564830753e+09,"val_accuracy":0.09333333333333334,"_wandb":{"runtime":8},"test_accuracy":0.1,"test_loss":2.3026411169014014,"_runtime":8.602306397,"_step":10,"epoch":10,"val_loss":2.302716982760692}