{"epoch":10,"loss":0.26612339306077787,"train_accuracy":0.9012166666666667,"_timestamp":1.7414389607884865e+09,"test_accuracy":0.87,"_wandb":{"runtime":38},"_runtime":38.003251169,"_step":10}