{"_runtime":33.197804322,"test_acc":0.1208,"_timestamp":1.7412374451847603e+09,"_wandb":{"runtime":33},"train_loss":2.4500240754179323,"test_loss":2.4440055036962107,"train_acc":0.1179,"epoch":10,"_step":9}