{"_timestamp":1.7422302847951314e+09,"test_loss":0.35658351224562007,"_runtime":102.147616997,"val_accuracy":0.8856666666666667,"_step":19,"test_accuracy":0.8754,"_wandb":{"runtime":102},"val_loss":0.3207813115572648,"epoch":10}