{"_timestamp":1.7415433819258466e+09,"_step":15,"val_accuracy":0.8791666666666667,"_wandb":{"runtime":58},"val_loss":0.34009804301772345,"test_accuracy":0.8724,"epoch":15,"_runtime":58.90963682,"test_loss":0.37130192375783294}