{"val_accuracy":0.87,"_step":10,"test_loss":0.4037710986151955,"test_accuracy":0.8568,"_wandb":{"runtime":11},"epoch":10,"_timestamp":1.7416128185336044e+09,"val_loss":0.37281882578441977,"_runtime":11.177866779}