{"test_loss":0.3746019587687912,"val_accuracy":0.8853333333333333,"test_accuracy":0.8732,"_timestamp":1.7415421666388881e+09,"val_loss":0.33482783638402575,"_runtime":94.613830865,"_step":15,"epoch":15,"_wandb":{"runtime":94}}