{"val_loss":0.3489174355226134,"_step":19,"test_loss":0.37266661076280627,"test_accuracy":0.8674,"epoch":10,"_wandb":{"runtime":157},"_runtime":157.819748967,"val_accuracy":0.8736666666666667,"_timestamp":1.7422333956430392e+09}