{"_step":5,"val_loss":2.3025886367735167,"val_accuracy":0.10833333333333334,"_timestamp":1.7421264213922973e+09,"epoch":5,"_wandb":{"runtime":602},"test_loss":2.3025822844254153,"test_accuracy":0.1138,"_runtime":602.246946037}