{"epoch":10,"_wandb":{"runtime":157},"_step":10,"test_accuracy":0.8453,"test_loss":0.44505147251988775,"_runtime":157.23205551,"val_loss":0.41936886558922926,"_timestamp":1.7415991186925826e+09,"val_accuracy":0.8565}