{"_step":5,"_timestamp":1.7421297764537046e+09,"val_loss":0.3464769473005021,"val_accuracy":0.874,"epoch":5,"_runtime":20.156076356,"test_loss":0.37040448502230044,"_wandb":{"runtime":20},"test_accuracy":0.8669}