{"val_accuracy":0.8753333333333333,"_step":10,"epoch":10,"_runtime":9.883265162,"test_accuracy":0.864,"_timestamp":1.7416034928637276e+09,"test_loss":0.37352810890826404,"_wandb":{"runtime":9},"val_loss":0.34278443971588757}