{"val_accuracy":0.09333333333333334,"test_accuracy":0.1,"val_loss":2.3026579906827833,"_step":5,"_wandb":{"runtime":6},"_timestamp":1.741441230200018e+09,"_runtime":6.954810835,"epoch":5,"test_loss":2.3024860745343463}