{"_timestamp":1.741576529410709e+09,"test_loss":0.5027231407309005,"_wandb":{"runtime":209},"val_accuracy":0.8795,"test_accuracy":0.8682,"_runtime":209.815840757,"_step":15,"epoch":15,"val_loss":0.4568922987801539}