{"test_loss":0.3888252364916408,"epoch":10,"_wandb":{"runtime":11},"test_accuracy":0.861,"_step":10,"val_loss":0.36439677688971345,"val_accuracy":0.8703333333333333,"_timestamp":1.7416127086301732e+09,"_runtime":11.483919115}