{"_timestamp":1.7414993520398061e+09,"test_loss":2.302811136819805,"epoch":10,"_wandb":{"runtime":52},"val_loss":2.3030727517202676,"val_accuracy":0.09333333333333334,"_runtime":52.368475652,"_step":10,"test_accuracy":0.1}