{"_step":10,"test_accuracy":0.8823,"_wandb":{"runtime":58},"epoch":10,"loss":0.23312582594950523,"train_accuracy":0.91675,"_timestamp":1.7414394404010968e+09,"_runtime":58.500841116}