{"_runtime":11.149801824,"test_accuracy":0.7794,"_wandb":{"runtime":11},"test_loss":0.6973200118740664,"_timestamp":1.7414994516212761e+09,"val_accuracy":0.7893333333333333,"_step":10,"epoch":10,"val_loss":0.681677874611103}