{"_runtime":348.886321763,"val_loss":0.38521068070714654,"val_accuracy":0.8775,"test_loss":0.4119194576738444,"_wandb":{"runtime":348},"test_accuracy":0.873,"_step":15,"_timestamp":1.7415553959849586e+09,"epoch":15}