{"_timestamp":1.7422279456042345e+09,"_runtime":2.928027504,"_step":1,"_wandb":{"runtime":4},"epoch":2,"val_loss":0.38158792858307056,"val_accuracy":0.8591666666666666}