{"_runtime":23.798902672,"val_accuracy":0.6538333333333334,"test_accuracy":0.6432,"test_loss":0.9362046439415108,"epoch":5,"_step":5,"val_loss":0.9251944431252914,"_wandb":{"runtime":23},"_timestamp":1.742128401886684e+09}