{"val_loss":2.302649864966451,"_wandb":{"runtime":7},"val_accuracy":0.09333333333333334,"_timestamp":1.7414412901352587e+09,"test_loss":2.3025343275554024,"epoch":5,"_runtime":7.895020659,"_step":5,"test_accuracy":0.1}