{"_runtime":273.495937457,"val_loss":2.3029164800863664,"test_accuracy":0.1,"_step":10,"_timestamp":1.7416056605366294e+09,"test_loss":2.302674401292184,"val_accuracy":0.09733333333333333,"epoch":10,"_wandb":{"runtime":273}}