{"epoch":15,"test_loss":0.7129204667302933,"_wandb":{"runtime":909},"val_accuracy":0.751,"_timestamp":1.7415869607133775e+09,"_step":15,"test_accuracy":0.7391,"val_loss":0.6800088808761883,"_runtime":909.410956455}