{"_wandb":{"runtime":13},"_step":10,"val_loss":0.34128128210767394,"test_accuracy":0.8631,"_runtime":13.176978063,"val_accuracy":0.8755,"test_loss":0.3721391077276312,"_timestamp":1.7415998913679323e+09,"epoch":10}