{"test_accuracy":0.8753,"_wandb":{"runtime":74},"_timestamp":1.7415440419813187e+09,"_step":15,"_runtime":74.174912108,"epoch":15,"test_loss":0.346723325529095,"val_accuracy":0.8826666666666667,"val_loss":0.3286543748256465}