{"epoch":10,"val_loss":0.3189449379022252,"_runtime":59.181971276,"_wandb":{"runtime":59},"val_accuracy":0.8833333333333333,"test_loss":0.34806899710340644,"_timestamp":1.742231197761523e+09,"test_accuracy":0.876,"_step":19}