{"_wandb":{"runtime":37},"_step":10,"epoch":10,"test_accuracy":0.8768,"train_loss":0.2798539818323235,"val_loss":0.3313995973688965,"val_accuracy":0.8848333333333334,"_timestamp":1.742217414493076e+09,"_runtime":37.737953004}