{"test_accuracy":0.8675,"_step":15,"test_loss":0.3902679051539688,"_timestamp":1.7415842247797637e+09,"epoch":15,"_runtime":17.505491265,"val_accuracy":0.8781666666666667,"_wandb":{"runtime":17},"val_loss":0.35821415282704683}