{"epoch":10,"loss":0.376073615582143,"train_accuracy":0.8725833333333334,"_timestamp":1.7414389194660401e+09,"test_accuracy":0.8561,"_wandb":{"runtime":33},"_runtime":33.583160368,"_step":10}