{"val_loss":0.4338434404378489,"val_accuracy":0.8541666666666666,"test_accuracy":0.839,"_wandb":{"runtime":74},"_timestamp":1.7422327218241906e+09,"test_loss":0.4667070114052655,"_step":19,"_runtime":74.386632496,"epoch":10}