{"_timestamp":1.740722241216915e+09,"_runtime":195.257196446,"_step":10,"test_accuracy":0.7715,"_wandb":{"runtime":1308},"epoch":10,"loss":0.6057292242592968,"accuracy":0.7790333333333334}