{"test_accuracy":0.7422,"test_loss":0.7253692844649031,"epoch":10,"val_loss":0.700930739190727,"val_accuracy":0.7543333333333333,"_wandb":{"runtime":8},"_step":10,"_runtime":8.121201911,"_timestamp":1.7421290380990467e+09}