{"epoch":15,"_wandb":{"runtime":45},"_runtime":45.149006544,"_step":15,"val_loss":2.309819931263954,"test_accuracy":0.1,"val_accuracy":0.09833333333333333,"_timestamp":1.7415308293760417e+09,"test_loss":2.3092998060806185}