{"_wandb":{"runtime":18},"epoch":10,"val_accuracy":0.09333333333333334,"_timestamp":1.7414409447361631e+09,"_runtime":18.874034923,"val_loss":2.3029174658178593,"test_accuracy":0.1,"test_loss":2.3026689584139275,"_step":10}