{"_step":19,"epoch":10,"_timestamp":1.7422287768087847e+09,"test_loss":0.6793988142270732,"test_accuracy":0.7582,"val_loss":0.6703456372806075,"_wandb":{"runtime":121},"val_accuracy":0.763,"_runtime":121.909184572}