{"test_loss":0.35421883435393603,"val_loss":0.3306254043274306,"test_accuracy":0.8789,"_step":10,"_runtime":44.222389318,"_wandb":{"runtime":44},"epoch":10,"val_accuracy":0.8868333333333334,"_timestamp":1.7416152248931215e+09}