{"val_loss":0.33081387744242785,"val_accuracy":0.8891666666666667,"epoch":10,"_timestamp":1.7421939135265114e+09,"_runtime":83.669197476,"_step":9,"train_loss":0.23494676077522247,"_wandb":{"runtime":83}}