{"_timestamp":1.74158238458297e+09,"test_loss":0.3746363585169642,"_runtime":168.251454671,"epoch":15,"val_accuracy":0.8878333333333334,"_step":15,"val_loss":0.35041644770269703,"_wandb":{"runtime":168},"test_accuracy":0.8755}