{"test_loss":0.36388672992581383,"val_loss":0.3371275754633721,"val_accuracy":0.8768333333333334,"test_accuracy":0.8677,"_wandb":{"runtime":39},"_step":9,"epoch":5,"_runtime":39.543330539,"_timestamp":1.7422310116091542e+09}