{"test_loss":2.4440055036962107,"test_acc":0.1208,"epoch":10,"train_loss":2.4500240754179323,"train_acc":0.1179,"_timestamp":1.7412374005838485e+09,"_runtime":27.914586349,"_step":9,"_wandb":{"runtime":27}}