{"test_loss":0.6155259512176053,"val_accuracy":0.8083333333333333,"epoch":15,"test_accuracy":0.7994,"_runtime":225.354262938,"_timestamp":1.741556893521104e+09,"val_loss":0.5929760649592628,"_step":15,"_wandb":{"runtime":225}}