{"_step":5,"val_accuracy":0.09333333333333334,"_timestamp":1.741440918466965e+09,"_runtime":3.931623143,"test_accuracy":0.1,"_wandb":{"runtime":3},"test_loss":2.302585988893595,"epoch":5,"val_loss":2.3026337317438417}