{"train_acc":0.8245925925925925,"val_loss":0.4867452254119004,"epoch":5,"_step":5,"_wandb":{"runtime":30},"val_acc":0.8326666666666667,"_timestamp":1.7412392253906558e+09,"test_loss":0.5184398134879386,"train_loss":0.5020576271505033,"_runtime":30.899714613,"test_acc":0.82}