{"_wandb":{"runtime":8},"test_loss":0.3603814134200549,"val_loss":0.33164879343640713,"_step":10,"epoch":10,"_runtime":8.45499492,"test_accuracy":0.8763,"val_accuracy":0.884,"_timestamp":1.741607967897505e+09}