{"_runtime":7.351500807,"_step":10,"epoch":10,"test_loss":0.44470112737931067,"val_loss":0.40647781514466924,"val_accuracy":0.8558333333333333,"test_accuracy":0.8442,"_timestamp":1.7415988006770003e+09,"_wandb":{"runtime":7}}