{"_timestamp":1.7421300191340961e+09,"_runtime":79.022337517,"_step":9,"_wandb":{"runtime":79},"train_loss":0.07129440130019032,"val_loss":0.0836180673981134,"val_accuracy":0.8851666666666667,"epoch":10}