{"test_accuracy":0.1,"val_loss":2.302624668518594,"epoch":10,"_step":10,"test_loss":2.3025852565104605,"_runtime":16.687692609,"_wandb":{"runtime":16},"val_accuracy":0.09333333333333334,"_timestamp":1.741441277383149e+09}