{"_step":10,"epoch":10,"loss":0.23138693316094802,"test_accuracy":0.8825,"_wandb":{"runtime":916},"train_accuracy":0.9168666666666667,"_timestamp":1.7421255029221802e+09,"_runtime":916.484954605}