{"_wandb":{"runtime":16},"test_loss":2.302668245491844,"val_accuracy":0.09333333333333334,"_step":10,"val_loss":2.3028361640521795,"_timestamp":1.7414410126113408e+09,"epoch":10,"test_accuracy":0.1,"_runtime":16.735098882}