{"test_loss":0.7814878683620133,"test_accuracy":0.7268,"val_loss":0.7580659232807058,"val_accuracy":0.7448333333333333,"_runtime":13.739554604,"_step":5,"_wandb":{"runtime":13},"_timestamp":1.7414406321579762e+09,"epoch":5}