{"_wandb":{"runtime":11},"val_accuracy":0.7586666666666667,"_runtime":11.662690506,"test_loss":0.6717888899872854,"val_loss":0.6582767812079925,"_timestamp":1.7414997793482187e+09,"_step":15,"epoch":15,"test_accuracy":0.7479}