{"_runtime":862.034289626,"_step":10,"test_accuracy":0.8731,"_wandb":{"runtime":862},"epoch":10,"loss":0.26535316980585477,"train_accuracy":0.9021666666666667,"_timestamp":1.7421252623107557e+09}