{"_timestamp":1.7415025115779047e+09,"test_loss":0.3450667504439793,"epoch":10,"test_accuracy":0.8761,"_step":10,"val_loss":0.3261310395254652,"_wandb":{"runtime":80},"_runtime":80.86225764,"val_accuracy":0.8828333333333334}