{"_wandb":{"runtime":135},"val_accuracy":0.8836666666666667,"test_loss":0.34687917003210195,"epoch":10,"test_accuracy":0.8734,"_timestamp":1.7416131378153927e+09,"_step":10,"val_loss":0.31811663057669104,"_runtime":135.469615575}