{"_timestamp":1.7412391716278727e+09,"_wandb":{"runtime":62},"train_loss":2.3026597456445956,"train_acc":0.09916666666666667,"val_acc":0.09333333333333334,"test_acc":0.1,"val_loss":2.3027160463537286,"epoch":10,"_runtime":62.385597861,"_step":10,"test_loss":2.302591884055432}