{"_runtime":228.55707379,"_wandb":{"runtime":228},"_step":10,"val_loss":0.2472829238018193,"val_accuracy":0.8828333333333334,"_timestamp":1.742192150991707e+09}