{"_runtime":29.373886604,"test_loss":0.35874159390203797,"val_accuracy":0.8861666666666667,"_wandb":{"runtime":29},"_timestamp":1.741596122617161e+09,"test_accuracy":0.8742,"val_loss":0.3237298582878368,"epoch":10,"_step":10}