{"epoch":5,"val_loss":0.4057431740157557,"_step":5,"test_loss":0.4394892466619911,"val_accuracy":0.8553333333333333,"test_accuracy":0.8452,"_wandb":{"runtime":5},"_timestamp":1.7415981828820264e+09,"_runtime":5.237686499}