{"val_loss":0.3416159548354125,"_step":15,"test_accuracy":0.8787,"_runtime":57.123358226,"val_accuracy":0.8873333333333333,"_wandb":{"runtime":57},"epoch":15,"test_loss":0.37311701399495995,"_timestamp":1.7415881942847703e+09}