{"_runtime":271.897501793,"test_loss":0.3482020877102082,"epoch":15,"_step":15,"_timestamp":1.7415577660777678e+09,"test_accuracy":0.8814,"val_loss":0.31837619526249983,"_wandb":{"runtime":271},"val_accuracy":0.8908333333333334}