{"epoch":10,"_timestamp":1.741599979586717e+09,"test_accuracy":0.8756,"val_loss":0.3306912890322504,"_runtime":63.22896719,"test_loss":0.3580313773122496,"val_accuracy":0.8843333333333333,"_step":10,"_wandb":{"runtime":63}}