{"_runtime":35.488128422,"_step":19,"epoch":10,"test_loss":0.3355800372382019,"val_loss":0.3051167262757768,"val_accuracy":0.888,"_timestamp":1.7422288670721214e+09,"test_accuracy":0.8804,"_wandb":{"runtime":35}}