{"_runtime":23.602028156,"epoch":10,"_wandb":{"runtime":23},"_step":10,"test_accuracy":0.8783,"test_loss":0.34181454495102304,"val_accuracy":0.8858333333333334,"_timestamp":1.741607583878114e+09,"val_loss":0.3145447429358464}