{"val_loss":2.3025978276115615,"_runtime":297.875181808,"test_accuracy":0.1,"_wandb":{"runtime":297},"_step":10,"epoch":10,"test_loss":2.302576572783176,"val_accuracy":0.09333333333333334,"_timestamp":1.7421258124913268e+09}