{"val_accuracy":0.8235,"test_loss":0.5534608034167452,"_wandb":{"runtime":9},"_runtime":9.871108759,"test_accuracy":0.8092,"val_loss":0.5254352303598843,"_step":10,"epoch":10,"_timestamp":1.7415968350887692e+09}