{"_step":10,"test_accuracy":0.8599,"_wandb":{"runtime":36},"epoch":10,"loss":0.2591116688047546,"train_accuracy":0.88925,"_timestamp":1.7414390357669063e+09,"_runtime":36.086676482}