{"_wandb":{"runtime":46},"epoch":15,"val_accuracy":0.8813333333333333,"test_accuracy":0.877,"val_loss":0.34833447649620614,"_timestamp":1.7415419252793982e+09,"_step":15,"test_loss":0.37179183218759476,"_runtime":46.501755695}