{"val_loss":0.3307361516685563,"_timestamp":1.7416062541344652e+09,"test_loss":0.3553297180387814,"epoch":10,"_runtime":10.877221248,"_wandb":{"runtime":10},"test_accuracy":0.8703,"val_accuracy":0.8803333333333333,"_step":10}