{"test_loss":0.37353678447350214,"_step":9,"val_loss":0.3374278319977847,"_timestamp":1.7422317068106062e+09,"test_accuracy":0.8663,"val_accuracy":0.8793333333333333,"_runtime":55.886933743,"epoch":5,"_wandb":{"runtime":55}}