{"_wandb":{"runtime":71},"_step":15,"val_accuracy":0.8838333333333334,"_runtime":71.174735451,"epoch":15,"test_accuracy":0.8777,"test_loss":0.35312375351914727,"val_loss":0.32062310021690754,"_timestamp":1.741544119051561e+09}