{"epoch":10,"loss":0.25829608350972016,"test_accuracy":0.8821,"_wandb":{"runtime":549},"train_accuracy":0.9108666666666667,"_timestamp":1.7421258145488555e+09,"_runtime":549.590728263,"_step":10}