{"val_accuracy":0.9775,"_timestamp":1.7421999076061857e+09,"_runtime":437.169555038,"_step":9,"_wandb":{"runtime":437},"epoch":10,"train_loss":0.048289423951320375,"val_loss":0.09196126104771273}