{"_step":10,"epoch":10,"loss":0.23961095835608062,"train_accuracy":0.9123833333333333,"_timestamp":1.7421245826847777e+09,"test_accuracy":0.8804,"_wandb":{"runtime":990},"_runtime":990.627545145}