{"epoch":10,"val_loss":0.39866785846624525,"test_accuracy":0.8491,"test_loss":0.43160930833573413,"val_accuracy":0.8613333333333333,"_timestamp":1.7416085511497984e+09,"_runtime":148.219080202,"_step":10,"_wandb":{"runtime":148}}